,Price_Point,Mean_PE,PE_Segment_0,PE_Segment_1,PE_Segment_2,PE_Segment_3,Elasticity_Promotion_1,Elasticity_Promotion_0
0,0.5,-0.09637987850386186,-0.03226365779117487,-0.11983050006645077,-0.21117686361883659,-0.1798857453288464,-0.12572193527001826,-0.19563693765896328
1,0.51,-0.100447371510073,-0.03409395228423316,-0.12405228537415165,-0.2177471901797135,-0.18548251417086573,-0.1298376365062391,-0.20175789647258266
2,0.52,-0.10464184126814892,-0.03601337496840581,-0.12836881262614994,-0.22442525610762512,-0.19117105810608498,-0.13403228992484714,-0.2079813302491218
3,0.53,-0.10896644020598134,-0.03802585822488223,-0.13278157139325888,-0.23121184387996016,-0.19695204366835575,-0.13830688304741426,-0.21430806621331486
4,0.54,-0.1134243726774067,-0.04013549149084882,-0.13729205939745467,-0.23810772128917942,-0.20282612488254004,-0.14266240489334703,-0.2207389199365357
5,0.55,-0.11801889464627102,-0.042346526601039894,-0.14190178204135612,-0.24511364093369786,-0.20879394283083058,-0.14709984565859469,-0.22727469484748472
6,0.56,-0.12275331329922236,-0.04466338324443198,-0.14661225191871258,-0.2522303397105418,-0.214856125220584,-0.15162019638622673,-0.23391618174217665
7,0.5700000000000001,-0.12763098658414404,-0.047090654532910545,-0.15142498830574028,-0.2594585383102694,-0.22101328595408087,-0.15622444862892243,-0.2406641582936458
8,0.5800000000000001,-0.13265532267111144,-0.04963311267806327,-0.15634151663316442,-0.2667989407146499,-0.22726602470063667,-0.16091359410341438,-0.24751938856178698
9,0.5900000000000001,-0.1378297793327395,-0.05229571477155328,-0.16136336793885564,-0.2742522336976057,-0.2336149264714919,-0.16568862433694312,-0.2544826225037673
10,0.6000000000000001,-0.1431578632407694,-0.05508360866377862,-0.1664920783009537,-0.2818190863299258,-0.24006056119791383,-0.1705505303057908,-0.2615545954854469
11,0.6100000000000001,-0.14864312917574357,-0.05800213893468373,-0.17172918825141065,-0.289500149488262,-0.24660348331294804,-0.1755003020659671,-0.26873602779425726
12,0.6200000000000001,-0.15428917914661963,-0.0610568529497207,-0.17707624216989507,-0.29729605536892967,-0.2532442313372612,-0.1805389283761358,-0.2760276241539935
13,0.6300000000000001,-0.16009966141717988,-0.06425350699299873,-0.18253478765803335,-0.3052074170070331,-0.25998332746952013,-0.18566739631288076,-0.283430073241982
14,0.6400000000000001,-0.1660782694361256,-0.0675980724686526,-0.18810637489398277,-0.3132348278014418,-0.2668212771817548,-0.1908866908784173,-0.29094404720909334
15,0.6500000000000001,-0.17222874066776744,-0.07109674216036026,-0.1937925559673617,-0.3213788610461448,-0.27375856882015387,-0.19619779460087058,-0.2985702012030761
16,0.6600000000000001,-0.17855485532027102,-0.07475593653779179,-0.19959488419458749,-0.3296400694685127,-0.28079567321174514,-0.20160168712725163,-0.30630917289569154
17,0.6700000000000002,-0.18506043496846908,-0.0785823100975218,-0.2055149134147027,-0.33801898477499764,-0.28793304327741126,-0.2070993448092747,-0.3141615820141345
18,0.6800000000000002,-0.1917493410683177,-0.08258275772463163,-0.211554197265798,-0.3465161172048008,-0.29517111365169213,-0.21269174028216778,-0.3221280298772291
19,0.6900000000000002,-0.1986254733601553,-0.0867644210598174,-0.21771428844217344,-0.3551319550920367,-0.30251030030982606,-0.21837984203664676,-0.33020909893689276
20,0.7000000000000002,-0.2056927681580097,-0.0911346948553566,-0.2239967379324091,-0.3638669644369216,-0.3099510002024771,-0.22416461398422868,-0.3384053523253653
21,0.7100000000000002,-0.21295519652230938,-0.09570123330170284,-0.23040309423854782,-0.3727215884865105,-0.3174935908985961,-0.2300470150160764,-0.34671733340869576
22,0.7200000000000002,-0.22041676231347454,-0.10047195630485481,-0.2369349025766306,-0.3816962473255035,-0.3251384302368595,-0.23602799855557657,-0.3551455653469917
23,0.7300000000000002,-0.2280815001239981,-0.10545505569288267,-0.2435937040588546,-0.3907913374776404,-0.33288585598612735,-0.24210851210486872,-0.3636905506619262
24,0.7400000000000002,-0.23595347308677558,-0.11065900132819943,-0.2503810348576615,-0.4000072315181909,-0.34073618551535245,-0.24828949678555115,-0.3723527708120016
25,0.7500000000000002,-0.24403677055761694,-0.1160925471002426,-0.2572984253520982,-0.40934427769804893,-0.34868971547337485,-0.2545718868738051,-0.38113268577607035
26,0.7600000000000002,-0.2523355056700454,-0.12176473677125735,-0.26434739925683304,-0.4188027995799281,-0.35674672147902364,-0.26095660933019177,-0.3900307336456065
27,0.7700000000000002,-0.2608538127607055,-0.12768490964578358,-0.27152947273424,-0.42838309568714755,-0.36490745782194417,-0.267444583324386,-0.39904733022622335
28,0.7800000000000002,-0.26959584466390035,-0.13386270603231404,-0.27884615349001074,-0.4380854391654891,-0.37317215717455954,-0.2740367197551262,-0.4081828686489249
29,0.7900000000000003,-0.2785657698740327,-0.14030807246335764,-0.28629893985278565,-0.4479100774585975,-0.38154103031556824,-0.2807339207656726,-0.4174377189915791
30,0.8000000000000003,-0.2877677695749664,-0.14703126663784494,-0.2938893198383381,-0.4578572319973836,-0.39001426586536997,-0.287537079255075,-0.4268122279110934
31,0.8100000000000003,-0.2972060345355995,-0.1540428620474537,-0.30161877019888617,-0.467927097903877,-0.39859203003380006,-0.2944470783855684,-0.43630671828676354
32,0.8200000000000003,-0.30688476187123365,-0.16135375224602633,-0.3094887554581393,-0.4781198437099682,-0.4072744663805468,-0.301464791086425,-0.4459214888752703
33,0.8300000000000003,-0.3168081516706277,-0.16897515471876215,-0.31750072693274356,-0.4884356110914564,-0.41606169558860717,-0.30859107955460174,-0.4556568139777769
34,0.8400000000000003,-0.3269804034889536,-0.1769186143053925,-0.3256561217408069,-0.4988745146178176,-0.4249538152511322,-0.31582679475253694,-0.46551294311958485
35,0.8500000000000003,-0.3374057127072225,-0.1851960061290074,-0.3339563617982474,-0.5094366415180805,-0.4339508996719946,-0.323172775903463,-0.4754901007427857
36,0.8600000000000003,-0.34808826675909793,-0.1938195379796693,-0.34240285280373794,-0.5201220514631871,-0.4430529996803988,-0.33062984998460787,-0.485588485912345
37,0.8700000000000003,-0.3590322412264088,-0.20280175209942136,-0.35099698321305994,-0.5309307763652021,-0.4522601424598411,-0.3381988312186758,-0.495808272036035
38,0.8800000000000003,-0.3702417958050706,-0.21215552631278115,-0.3597401232037265,-0.5418628201937088,-0.4615723313917119,-0.3458805205640081,-0.5061496065986321
39,0.8900000000000003,-0.3817210701435241,-0.22189407444438164,-0.3686336236307692,-0.5529181588097135,-0.4709895459138117,-0.35367570520382896,-0.516612610910766
40,0.9000000000000004,-0.39347417955625386,-0.2320309459629772,-0.37767881497462547,-0.5640967398173706,-0.4805117413940458,-0.36158515803500363,-0.527197379872813
41,0.9100000000000004,-0.4055052106153759,-0.24258002478878032,-0.3868770062821022,-0.5753984824338045,-0.49013884901953586,-0.3696096371567352,-0.5379039817541962
42,0.9200000000000004,-0.417818216623755,-0.25355552719889424,-0.39622948410143227,-0.5868232773772958,-0.49987077570137456,-0.3777498853596428,-0.5487324579884484
43,0.9300000000000004,-0.4304172129735822,-0.26497199876356525,-0.4057375114124723,-0.5983709867740749,-0.5097074039952293,-0.3860066296156726,-0.5596828229843758
44,0.9400000000000004,-0.4433061723948304,-0.2768443102441735,-0.4154023265531363,-0.6100414440839451,-0.5196485920379862,-0.39438058056929987,-0.5707550639536437
45,0.9500000000000004,-0.45648902009849956,-0.28918765238220645,-0.4252251421431926,-0.6218344540449287,-0.5296941735005988,-0.40287243203049,-0.5819491407550866
46,0.9600000000000004,-0.4699696288200704,-0.30201752950714866,-0.43520714400657623,-0.6337497926371186,-0.5398439575572952,-0.41148286046989774,-0.5932649857560326
47,0.9700000000000004,-0.4837518137691035,-0.31534975189010944,-0.44534949009342906,-0.6457872070658826,-0.5500977288712721,-0.4202125245167838,-0.6047025037109054
48,0.9800000000000004,-0.49783932749142806,-0.3292004267693216,-0.4556533094030784,-0.6579464157645518,-0.5604552475969835,-0.42906206446014467,-0.6162615716573557
49,0.9900000000000004,-0.5122358546508956,-0.34358594797329073,-0.46611970090923005,-0.6702271084166966,-0.5709162493991169,-0.43803210175354873,-0.6279420388301499
50,1.0000000000000004,-0.5269450067382088,-0.3585229840674935,-0.47674973248865454,-0.6826289459980699,-0.5814804454883218,-0.44712323852418673,-0.639743726593021
51,1.0100000000000005,-0.5419703167148271,-0.37402846495110526,-0.4875444398546918,-0.6951515608382733,-0.5921475226737372,-0.45633605708663944,-0.6516664283886762
52,1.0200000000000005,-0.5573152336005155,-0.39011956683136984,-0.4985048254969138,-0.7077945567021766,-0.6029171434323479,-0.46567111946188144,-0.6637099097071197
53,1.0300000000000005,-0.572983117013586,-0.4068136955049519,-0.509631857628318,-0.7205575088910925,-0.6137889459951681,-0.4751289669020328,-0.6758739080724386
54,1.0400000000000005,-0.5889772316734011,-0.42412846787797026,-0.5209264691414405,-0.7334399643636916,-0.624762544450238,-0.4847101194213837,-0.6881581330481755
55,1.0500000000000005,-0.605300741875218,-0.4420816916594763,-0.532389556574801,-0.7464414418766053,-0.6358375288623944,-0.4944150753342096,-0.7005622662613811
56,1.0600000000000005,-0.62195670594791,-0.46069134316696586,-0.5440219790911096,-0.7595614321446483,-0.6470134654097522,-0.5042443107999065,-0.7130859614454336
57,1.0700000000000005,-0.6389480707056105,-0.47997554318711577,-0.5558245574686773,-0.7727993980205635,-0.6582898965368145,-0.5141982793759674,-0.7257288445016644
58,1.0800000000000005,-0.6562776659047318,-0.49995253084042207,-0.5677980731074946,-0.7861547746941661,-0.6696663411241095,-0.5242774115793284,-0.7384905135798339
59,1.0900000000000005,-0.6739481987182718,-0.5206406354047802,-0.5799432670514363,-0.799626969910737,-0.6811422946742239,-0.5344821144566053,-0.7513705391774526
60,1.1000000000000005,-0.6919622482397123,-0.5420582460603592,-0.5922608390280786,-0.8132153642084977,-0.6927172295140881,-0.5448127711637504,-0.7643684642579379
61,1.1100000000000005,-0.7103222600291889,-0.5642237795264121,-0.6047514465076008,-0.826919311174959,-0.7043905950133424,-0.5552697405556435,-0.7774838043875585
62,1.1200000000000006,-0.7290305407149523,-0.587155645569979,-0.6174157037822581,-0.8407381377219342,-0.7161618178185994,-0.5658533567861401,-0.7907160478911079
63,1.1300000000000006,-0.7480892526634678,-0.610872210376762,-0.6302541810679068,-0.854671144378955,-0.7280303021033826,-0.576563928919086,-0.8040646560262112
64,1.1400000000000006,-0.7675004087317524,-0.6353917577858462,-0.6432674036290568,-0.8687176056048296,-0.7399954298335201,-0.5874017405508133,-0.8175290631761567
65,1.1500000000000006,-0.7872658671157964,-0.6607324484023882,-0.6564558509289207,-0.8828767701170459,-0.752056561047738,-0.5983670494446136,-0.8311086770611136
66,1.1600000000000006,-0.8073873263090987,-0.6869122766158727,-0.6698199558059225,-0.8971478612386958,-0.7642130341531795,-0.6094600871776887,-0.8448028789675756
67,1.1700000000000006,-0.8278663201855073,-0.7139490255660814,-0.6833601036781056,-0.9115300772625907,-0.7764641662355675,-0.6206810588010693,-0.8586110239958464
68,1.1800000000000006,-0.8487042132206226,-0.7418602201144002,-0.6970766317768722,-0.9260225918321977,-0.7888092533836957,-0.6320301425129753,-0.8725324413253611
69,1.1900000000000006,-0.8699021958661005,-0.7706630778945938,-0.7109698284114617,-0.9406245543390155,-0.8012475710279231,-0.6435074893460965,-0.886566434497611
70,1.2000000000000006,-0.8914612800911735,-0.800374458534496,-0.7250399322655452,-0.9553350903359896,-0.8137783742923318,-0.655113222869247,-0.9007122817164221
71,1.2100000000000006,-0.9133822951056364,-0.8310108111582196,-0.7392871317273061,-0.9701533019665329,-0.8264008983601773,-0.6668474389038473,-0.9149692361653119
72,1.2200000000000006,-0.935665883278447,-0.862588120297331,-0.753711564254315,-0.9850782684087195,-0.8391143588522635,-0.6787102052556684,-0.9293365263416257
73,1.2300000000000006,-0.9583124962659005,-0.8951218503588491,-0.7683133157745079,-1.0001090463341828,-0.8519179522178444,-0.6907015614622647,-0.9438133564071396
74,1.2400000000000007,-0.9813223913631178,-0.928626888817787,-0.7830924201245084,-1.015244670381239,-0.8648108561376422,-0.7028215185565031,-0.9583989065547871
75,1.2500000000000007,-1.0046956280922708,-0.9631174883220852,-0.7980488585265193,-1.0304841536417408,-0.8777922299385615,-0.7150700588465859,-0.9730923333911522
76,1.2600000000000007,-1.028432065040639,-0.9986072079179946,-0.813182559104942,-1.0458264881611512,-0.8908612150196641,-0.7274471357129471,-0.9878927703343542
77,1.2700000000000007,-1.0525313569611574,-1.035108853624117,-0.8284933964438562,-1.0612706454513041,-0.9040169352889527,-0.739952673422386,-1.0027993280269203
78,1.2800000000000007,-1.0769929521476387,-1.0726344186020795,-0.8439811911864253,-1.0768155770153156,-0.9172584976105017,-0.7525865669597847,-1.0178110947632375
79,1.2900000000000007,-1.1018160900963276,-1.1111950231910828,-0.8596457096772503,-1.0924602148840905,-0.930584992261469,-0.7653486818777373,-1.032927136931148
80,1.3000000000000007,-1.1269997994648298,-1.1508008550920052,-0.8754866636486307,-1.1082034721638572,-0.9439954933984979,-0.7782388541644036,-1.0481464994672351
81,1.3100000000000007,-1.1525428963388173,-1.1914611100040995,-0.8915037099516365,-1.1240442435941482,-0.9574890595330204,-0.7912568901298747,-1.0634682063253431
82,1.3200000000000007,-1.178443982816183,-1.2331839330333842,-0.9076964503328333,-1.1399814061156512,-0.9710647340149658,-0.8044025663113215,-1.0788912609578387
83,1.3300000000000007,-1.204701445917558,-1.275976361206231,-0.9240644312574329,-1.1560138194473175,-0.9847215455243573,-0.8176756293971802,-1.094414646809128
84,1.3400000000000007,-1.2313134568312842,-1.3198442674342,-0.9406071437795768,-1.1721403266721382,-0.9984585085702898,-0.831075796170596,-1.110037327820914
85,1.3500000000000008,-1.2582779705000513,-1.3647923062865202,-0.9573240234603905,-1.188359754830963,-1.0122746239967606,-0.8446027534723383,-1.12575824894868
86,1.3600000000000008,-1.2855927255555006,-1.4108238619345128,-0.974214450334379,-1.2046709155237572,-1.0261688794948336,-0.8582561581833675,-1.1415763366888578
87,1.3700000000000008,-1.313255244606129,-1.4579409986375027,-0.9912777489246456,-1.2210726055176593,-1.0401402501206003,-0.8720356372272143,-1.1574904996161393
88,1.3800000000000008,-1.3412628348828262,-1.5061444141419542,-1.0085131883073517,-1.2375636073612286,-1.0541876988184096,-0.8859407875923107,-1.1734996289303838
89,1.3900000000000008,-1.3696125892453366,-1.5554333963647125,-1.025919982225761,-1.2541426900042407,-1.0683101769488252,-0.8999711763743847,-1.1896025990125523
90,1.4000000000000008,-1.3983013875518768,-1.605805783726887,-1.0434972892541117,-1.270808609422406,-1.082506624820777,-0.9141263408390075,-1.2057982679890924
91,1.4100000000000008,-1.4273258983930364,-1.6572579294971372,-1.0612442130115063,-1.2875601092463813,-1.0967759722273702,-0.9284057885043592,-1.2220854783042139
92,1.4200000000000008,-1.4566825811899726,-1.7097846704916033,-1.0791598024258964,-1.3043959213944398,-1.1111171389848056,-0.942808997244249,-1.2384630572994515
93,1.4300000000000008,-1.4863676886557895,-1.7633793004625102,-1.0972430520481935,-1.3213147667081693,-1.1255290354738876,-0.9573354154114072,-1.2549298177999382
94,1.4400000000000008,-1.51637726961783,-1.8180335484885028,-1.1154929024164097,-1.3383153555905756,-1.1400105631835749,-0.9719844619810377,-1.2714845587067967
95,1.4500000000000008,-1.5467071721974808,-1.87373756265693,-1.1339082404696859,-1.3553963886459663,-1.1545606152560477,-0.9867555267145881,-1.2881260655950426
96,1.4600000000000009,-1.577353047342927,-1.930479899301916,-1.1524879000119588,-1.3725565573209884,-1.1691780770327633,-1.0016479703436838,-1.304853111316418
97,1.4700000000000009,-1.6083103527091567,-1.9882475180319636,-1.1712306622249364,-1.3897945445462174,-1.1838618266009757,-1.016661124774129,-1.3216644566065392
98,1.4800000000000009,-1.6395743568784011,-2.0470257827474336,-1.1901352562299758,-1.4071090253776823,-1.1986107353402011,-1.031794293309868,-1.3385588506957757
99,1.4900000000000009,-1.671140143913055,-2.106798468811651,-1.2092003596983567,-1.4244986676377234,-1.2134236684681199,-1.0470467508967578,-1.3555350319232473
100,1.5000000000000009,-1.703002618232065,-2.1675477764999678,-1.2284245995093805,-1.4419621325546002,-1.228299485585409,-1.062417744385995,-1.3725917283533573
101,1.510000000000001,-1.7351565098006994,-2.2292543508091565,-1.2478065524556237,-1.4594980754002542,-1.2432370412190046,-1.0779064928170026,-1.3897276583942593
102,1.520000000000001,-1.767596379622596,-2.2918973076654243,-1.2673447459946003,-1.4771051461256652,-1.258235185363313,-1.0935121877195575,-1.4069415314176659
103,1.530000000000001,-1.8003166255219987,-2.3554542665236684,-1.2870376590460124,-1.494781989993219,-1.2732927640188798,-1.1092339934349233,-1.424232048379426
104,1.540000000000001,-1.8333114882031498,-2.4199013893036243,-1.306883722833677,-1.512527248205554,-1.2884086197280562,-1.1250710474557173,-1.4415979024402747
105,1.550000000000001,-1.8665750575729518,-2.4852134255610365,-1.3268813217711524,-1.5303395585303348,-1.3035815921071954,-1.1410224607842236,-1.4590377795861942
106,1.560000000000001,-1.9001012793121148,-2.5513637637442437,-1.347028794389999,-1.548217555920423,-1.3188105183749321,-1.1570873183088426,-1.4765503592478173
107,1.570000000000001,-1.9338839616793124,-2.6183244883393852,-1.3673244343095547,-1.5661598731289395,-1.3340942338761066,-1.1732646791983288,-1.4941343149183024
108,1.580000000000001,-1.9679167825320827,-2.6860664426611107,-1.387766491247008,-1.5841651413187106,-1.3494315726009054,-1.1895535773134704,-1.5117883147691558
109,1.590000000000001,-2.002193296547636,-2.7545592970010855,-1.4083531720665121,-1.6022319906656095,-1.3648213676988044,-1.2059530216358147,-1.5295110222634272
110,1.600000000000001,-2.036706942626088,-2.8237716218039957,-1.4290826418659952,-1.6203590509553287,-1.3802624519869142,-1.2224619967130455,-1.5473010967657792
111,1.610000000000001,-2.071451051458196,-2.893670965500913,-1.4499530251002748,-1.6385449521731241,-1.3957536584523373,-1.2390794631205848,-1.5651571941488898
112,1.620000000000001,-2.1064188532392087,-2.96422393659312,-1.4709624067390126,-1.6567883250860829,-1.4112938207481605,-1.255804357938966,-1.5830779673956865
113,1.630000000000001,-2.1416034855100965,-3.0353962895464774,-1.4921088334579988,-1.675087801817504,-1.4268817736827262,-1.272635595246525,-1.6010620671969238
114,1.640000000000001,-2.1769980011071612,-3.1071530140272747,-1.5133903148621968,-1.6934420164129755,-1.4425163537018297,-1.2895720666269137,-1.6191081425436005
115,1.650000000000001,-2.2125953762008193,-3.1794584269858874,-1.5348048247389365,-1.7118496053977565,-1.4581963993635125,-1.3066126416909487,-1.6372148413137715
116,1.660000000000001,-2.2483885184042425,-3.2522762670745857,-1.5563503023395846,-1.7303092083250964,-1.4739207518051354,-1.3237561686122528,-1.6553808108532742
117,1.670000000000001,-2.284370274932481,-3.3255697908707087,-1.5780246536879963,-1.7488194683151341,-1.4896882552024233,-1.3410014746761807,-1.673604698549944
118,1.680000000000001,-2.3205334407927416,-3.399301870366462,-1.5998257529140039,-1.767379032584031,-1.5054977572201973,-1.3583473668414596,-1.6918851524008829
119,1.690000000000001,-2.3568707669866273,-3.4734350911816674,-1.6217514436101594,-1.7859865529630299,-1.5213481094545196,-1.375792632313984,-1.7102208215723675
120,1.700000000000001,-2.3933749687052734,-3.5479318509561115,-1.643799540209933,-1.8046406864071292,-1.537238167865995,-1.3933360391321894,-1.7286103569520066
121,1.710000000000001,-2.430038733498645,-3.622754457383415,-1.6659678293855325,-1.8233400954930858,-1.5531667932039852,-1.41097633676341,-1.7470524116927548
122,1.720000000000001,-2.4668547294005303,-3.6978652253587154,-1.6882540714634768,-1.8420834489064901,-1.5691328514215082,-1.4287122567106179,-1.7655456417484294
123,1.730000000000001,-2.503815612991207,-3.7732265727273893,-1.7106560018560757,-1.860869421917658,-1.5851352140806156,-1.4465425131289351,-1.7840887064003736
124,1.740000000000001,-2.5409140373801953,-3.848801114141575,-1.733171332506896,-1.8796966968461064,-1.6011727587480462,-1.4644658034512874,-1.802680268774931
125,1.750000000000001,-2.57814266009202,-3.924551752554821,-1.7557977533483533,-1.8985639635134102,-1.61724436938098,-1.4824808090225807,-1.8213189963514265
126,1.7600000000000011,-2.6154941508385434,-4.000441767912586,-1.7785329337694948,-1.9174699196842382,-1.633348936702722,-1.5005861957417468,-1.8400035614603376
127,1.7700000000000011,-2.652961199161975,-4.076434902627023,-1.8013745240920953,-1.9364132714954008,-1.6494853585681786,-1.5187806147110334,-1.858732641771394
128,1.7800000000000011,-2.6905365219334274,-4.152495443458039,-1.82432015705315,-1.9553927338727353,-1.665652540318969,-1.537062702891868,-1.8775049207713166
129,1.7900000000000011,-2.7282128706925723,-4.228588299458695,-1.84736744929188,-1.9744070309357096,-1.6818493951280775,-1.5554310837666603,-1.8963190882309728
130,1.8000000000000012,-2.7659830388146927,-4.304679075680913,-1.8705140028393628,-1.9934548963896017,-1.6980748443339218,-1.573884368005875,-1.9151738406616976
131,1.8100000000000012,-2.803839868492306,-4.380734142376799,-1.8937574066089184,-2.0125350739051586,-1.7143278177637562,-1.592421154139723,-1.9340678817605728
132,1.8200000000000012,-2.841776257519285,-4.456720699471225,-1.9170952378854087,-2.0316463174856447,-1.7306072540463313,-1.6110400292338098,-1.9529999228444748
133,1.8300000000000012,-2.8797851658662816,-4.532606836122021,-1.9405250638116127,-2.0507873918212063,-1.7469121009137518,-1.6297395695680796,-1.9719686832726953
134,1.8400000000000012,-2.917859622037178,-4.608361585224781,-1.9640444428698822,-2.069957072630487,-1.763241315492474,-1.6485183413184037,-1.9909728908579882
135,1.8500000000000012,-2.955992729197132,-4.683954972759592,-1.9876509263573,-2.089154146989471,-1.7795938645834206,-1.667374901240155,-2.010011282265887
136,1.8600000000000012,-2.9941776710636994,-4.759358061916234,-2.011342059852609,-2.108377413647513,-1.7959687249311835,-1.6863077973531142,-2.0290826034021574
137,1.8700000000000012,-3.032407717553449,-4.834542991972506,-2.0351153846731984,-2.1276256833305527,-1.8123648834823112,-1.7053155696270659,-2.048185609788292
138,1.8800000000000012,-3.0706762301774,-4.909483011936724,-2.0589684393204806,-2.1468977790315176,-1.828781337632678,-1.7243967506674351,-2.0673190669249206
139,1.8900000000000012,-3.108976667179462,-4.984152508999942,-2.0828987609120473,-2.166192536287935,-1.8452170954639644,-1.743549866400342,-2.0864817506430837
140,1.9000000000000012,-3.1473025884130865,-5.0585270318757845,-2.106903886599008,-2.1855088034467816,-1.8616711759692604,-1.7627734367564272,-2.1056724474432795
141,1.9100000000000013,-3.1856476599520787,-5.132583309135662,-2.1309813549669934,-2.204845441916626,-1.8781426092678473,-1.7820659763528452,-2.124889954822246
142,1.9200000000000013,-3.2240056584325476,-5.206299262674519,-2.1551287074193257,-2.22420132640712,-1.8946304368092015,-1.8014259951728082,-2.1441330815874466
143,1.9300000000000013,-3.262370475123737,-5.279654016466894,-2.179343489540941,-2.2435753451559064,-1.911133711566284,-1.8208519992420704,-2.163400648159219
144,1.9400000000000013,-3.3007361197263467,-5.3526279007949995,-2.2036232524416697,-2.262966400143044,-1.9276514982181865,-1.8403424913017845,-2.1826914868606035
145,1.9500000000000013,-3.339096723897817,-5.425202452149515,-2.227965554077566,-2.2823734072930297,-1.944182873322225,-1.8598959714771226,-2.202004442194846
146,1.9600000000000013,-3.3774465445047652,-5.497360409020087,-2.2523679605490083,-2.301795296664537,-1.9607269254755615,-1.87951093794112,-2.221338371110593
147,1.9700000000000013,-3.4157799666035875,-5.569085703805984,-2.276828047374381,-2.321231012627989,-1.9772827554664634,-1.8991858875731789,-2.2406921432548246
148,1.9800000000000013,-3.4540915061509443,-5.640363451088001,-2.3013434007381774,-2.3406795140310943,-1.9938494764153138,-1.9189193166116811,-2.2600646412135594
149,1.9900000000000013,-3.492375812446553,-5.7111799325109,-2.325911618712443,-2.3601397743524815,-2.01042621390548,-1.9387097213002087,-2.2794547607404088
150,2.0000000000000013,-3.5306276703113473,-5.781522578531148,-2.3505303124505446,-2.3796107818435903,-2.02701210610418,-1.9585555985268364,-2.2988614109730223
151,2.0100000000000016,-3.568842002004742,-5.851379947287972,-2.375197107352299,-2.3990915396589716,-2.043606303873476,-1.9784554464560196,-2.318283514637547
152,2.0200000000000014,-3.607013868885278,-5.920741700856649,-2.399909644199562,-2.4185810659751614,-2.060207970871533,-1.9984077651525822,-2.33772000824115
153,2.030000000000001,-3.6451384728194896,-5.989598579141887,-2.4246655802614616,-2.438078394098311,-2.076816283644301,-2.0184110571973646,-2.357169842252754
154,2.0400000000000014,-3.6832111573443584,-6.05794237166614,-2.4494625903684932,-2.4575825725607436,-2.0934304317077665,-2.038463828294061,-2.3766319812720686
155,2.0500000000000016,-3.721227408589154,-6.125765887502971,-2.4742983679547805,-2.4770926652066376,-2.1100496176209353,-2.0585645878668304,-2.396105404187042
156,2.0600000000000014,-3.7591828559629397,-6.193062923599448,-2.4991706260678686,-2.4966077512670233,-2.1266730570497234,-2.0787118496482724,-2.4155891043199014
157,2.070000000000001,-3.7970732726143646,-6.259828231723926,-2.5240770983454714,-2.516126925424304,-2.143299978821909,-2.0989041322573754,-2.4350820895618845
158,2.0800000000000014,-3.8348945756707273,-6.326057484266875,-2.549015539958664,-2.5356492978664975,-2.1599296249733455,-2.1191399597670504,-2.454583382496835
159,2.0900000000000016,-3.8726428262636157,-6.391747239112797,-2.5739837285210707,-2.5551739943314162,-2.176561250785588,-2.1394178622609132,-2.4740920205138166
160,2.1000000000000014,-3.910314229348708,-6.4568949037907615,-2.5989794649636724,-2.574700156141003,-2.193194124815145,-2.159736376378963,-2.4936070559089156
161,2.110000000000001,-3.9479051333275144,-6.521498699099997,-2.6240005743749104,-2.5942269402260445,-2.209827528914532,-2.180094045851851,-2.513127555976402
162,2.1200000000000014,-3.985412029479067,-6.585557622395377,-2.649044906805818,-2.613753519141485,-2.2264607582453095,-2.200489422023431,-2.5326526030894323
163,2.1300000000000017,-4.022831551209719,-6.649071410705737,-2.6741103380399767,-2.6332790810725606,-2.2430931212833163,-2.220921064361311,-2.5521812947704743
164,2.1400000000000015,-4.060160473129346,-6.71204050384587,-2.6991947703281776,-2.652802829832004,-2.2597239398162814,-2.241387540955165,-2.5717127437516614
165,2.1500000000000012,-4.097395709962318,-6.7744660076707826,-2.724296133087673,-2.6723239848485427,-2.2763525489340317,-2.2618874290025333,-2.591246078025258
166,2.1600000000000015,-4.134534315301679,-6.836349657608693,-2.749412383566007,-2.6918417811469157,-2.292978297011466,-2.282419315281911,-2.6107804408844513
167,2.1700000000000017,-4.1715734802150095,-6.897693782597178,-2.774541507469438,-2.7113554693196678,-2.30960054568453,-2.302981796612914,-2.6303149909546573
168,2.1800000000000015,-4.208510531710428,-6.958501269535117,-2.799681519556047,-2.730864315490942,-2.3262186698193776,-2.3235734803033368,-2.6498489022155844
169,2.1900000000000013,-4.245342931071196,-7.018775528351521,-2.824830464193648,-2.7503676012725298,-2.3428320574749244,-2.344192984582946,-2.669381364014239
170,2.2000000000000015,-4.2820682720672885,-7.078520457781175,-2.8499864158826766,-2.769864623712392,-2.3594401098590074,-2.3648389390238447,-2.6889115810691044
171,2.2100000000000017,-4.318684279052253,-7.137740411926312,-2.875147479744296,-2.789354695235918,-2.3760422412783377,-2.385509984947296,-2.7084387734657094
172,2.2200000000000015,-4.355188804953575,-7.196440167673257,-2.9003117919739796,-2.8088371435801482,-2.3926378790824785,-2.4062047758168905,-2.72796217664382
173,2.2300000000000013,-4.391579829164655,-7.254624893023152,-2.925477520260902,-2.828311311721215,-2.409226463602031,-2.4269219776179694,-2.7474810413764676
174,2.2400000000000015,-4.427855455346305,-7.312300116386658,-2.950642864173467,-2.8477765577952194,-2.4258074480812386,-2.447660269223212,-2.7669946337410427
175,2.2500000000000018,-4.464013909145617,-7.369471696883719,-2.9758060555114096,-2.867232255012804,-2.4423802986052174,-2.468418342744352,-2.786502235082685
176,2.2600000000000016,-4.5000535358397915,-7.426145795681434,-3.0009653586248732,-2.8866777915676534,-2.4589444940220124,-2.4891949038699765,-2.8060031419702054
177,2.2700000000000014,-4.535972797912391,-7.482328848395367,-3.0261190707009606,-2.9061125705391575,-2.475499525859689,-2.50998867218938,-2.8254966661447574
178,2.2800000000000016,-4.571770272569238,-7.5380275385725195,-3.0512655220182454,-2.9255360097894707,-2.4920448982386376,-2.530798381502462,-2.844982134461495
179,2.290000000000002,-4.6074446492009775,-7.593248772267857,-3.076403076169791,-2.9449475418552007,-2.508580127779319,-2.5516227801156943,-2.864458888824448
180,2.3000000000000016,-4.642994726799161,-7.647999653720098,-3.101530130255247,-2.9643466138339667,-2.525104743505627,-2.5724606311241693,-2.883926286114846
181,2.3100000000000014,-4.678419411332379,-7.702287462127275,-3.1266451150426144,-2.9837326872660426,-2.5416182867440718,-2.593310712679773,-2.903383698113114
182,2.3200000000000016,-4.71371771308881,-7.756119629517362,-3.1517464951003076,-3.0031052380113206,-2.558120311018971,-2.6141718182455342,-2.9228305114147797
183,2.330000000000002,-4.748888743991293,-7.809503719705116,-3.1768327689001428,-3.02246375612181,-2.5746103819438466,-2.6350427568362274,-2.9422661273405066
184,2.3400000000000016,-4.783931714890774,-7.862447408322165,-3.201902468891943,-3.0418077457098986,-2.5910880771092013,-2.655922353245298,-2.96168996184049
185,2.3500000000000014,-4.818845932843756,-7.914958463903851,-3.226954161550435,-3.0611367248125982,-2.6075529859668807,-2.6768094482582283,-2.981101445393445
186,2.3600000000000017,-4.853630798379075,-7.9670447300133596,-3.2519864473951428,-3.0804502252519717,-2.624004709711185,-2.697702898852425,-3.000500022900387
187,2.370000000000002,-4.88828580275915,-8.018714108380856,-3.2769979609839988,-3.099747792491967,-2.640442861156912,-2.7186015783837645,-3.019885153573453
188,2.3800000000000017,-4.922810525240541,-8.069974543033194,-3.3019873708814123,-3.1190289854918603,-2.656867064614519,-2.739504376759935,-3.039256310819968
189,2.3900000000000015,-4.957204630338432,-8.12083400538766,-3.3269533796015542,-3.1382933765565166,-2.673276955762571,-2.760410200600706,-3.0586129821219767
190,2.4000000000000017,-4.991467865099382,-8.171300480281682,-3.351894723527585,-3.157540551183653,-2.689672181517633,-2.781317973385286,-3.077954668911454
191,2.410000000000002,-5.025600056386458,-8.22138195290909,-3.376810172807624,-3.1767701079083155,-2.7060523999017967,-2.8022266355869325,-3.097280886441402
192,2.4200000000000017,-5.059601108180635,-8.271086396632455,-3.4016985312282313,-3.1959816581447615,-2.722417279907986,-2.823135144794988,-3.1165911636530526
193,2.4300000000000015,-5.093470998902052,-8.320421761640294,-3.426558636066165,-3.215174826025923,-2.7387665013632123,-2.8440424758245357,-3.135885043039369
194,2.4400000000000017,-5.127209778754551,-8.369395964417247,-3.451389357919213,-3.2343492482406435,-2.755099754789926,-2.8649476208138456,-3.1551620805050575
195,2.450000000000002,-5.160817567096622,-8.418016877995159,-3.476189600516887,-3.253504573868869,-2.771416741265629,-2.885849589309837,-3.1744218452232804
196,2.4600000000000017,-5.194294549841719,-8.466292322952734,-3.5009583005117526,-3.2726404642149607,-2.7877171722808893,-2.9067474083417437,-3.1936639194892726
197,2.4700000000000015,-5.227640976890644,-8.514230059131418,-3.525694427252207,-3.2917565926393184,-2.804000769595907,-2.9276401224832225,-3.212887898571055
198,2.4800000000000018,-5.260857159598498,-8.561837778035466,-3.550396982537471,-3.3108526443884534,-2.820267265095772,-2.948526793903097,-3.232093390557422
199,2.490000000000002,-5.293943468278487,-8.609123095884275,-3.575065000355568,-3.3299283164237,-2.836516400644553,-2.969406502404985,-3.251280016203395
200,2.5000000000000018,-5.326900329744691,-8.656093547285675,-3.599697546605114,-3.348983317248706,-2.852747927938352,-2.9902783454560464,-3.2704474087733333
201,2.5100000000000016,-5.359728224895692,-8.702756579499214,-3.6242937188016358,-3.368017366735872,-2.8689616083574583,-3.0111414382050743,-3.289595213881858
202,2.520000000000002,-5.39242768634073,-8.749119547259218,-3.648852645769225,-3.3870301959518727,-2.8851572128177247,-3.0319949134901854,-3.3087230893327764
203,2.530000000000002,-5.424999296069976,-8.795189708128039,-3.673373487318267,-3.406021546982411,-2.901334521621289,-3.052837921836353,-3.3278307049561735
204,2.540000000000002,-5.457443683170249,-8.84097421835062,-3.6978554339099965,-3.424991172756355,-2.917493324306769,-3.073669631443034,-3.3469177424438343
205,2.5500000000000016,-5.489761521587357,-8.886480129182468,-3.722297706308638,-3.443938836869383,-2.933633419499037,-3.0944892281621534,-3.3659838951831578
206,2.560000000000002,-5.521953527936131,-8.931714383663687,-3.7466995552218427,-3.462864313407271,-2.9497546147586955,-3.1152959154666844,-3.385028868089719
207,2.570000000000002,-5.55402045935899,-8.976683813812967,-3.7710602609301356,-3.481767386768949,-2.96585672643135,-3.136088914410108,-3.4040523774386364
208,2.580000000000002,-5.585963111433829,-9.021395138215999,-3.795379132906118,-3.500647851489461,-2.9819395794967996,-3.1568674635769898,-3.423054150694881
209,2.5900000000000016,-5.617782316131783,-9.065854959983954,-3.819655509424078,-3.519505512062931,-2.9980030074182396,-3.1776308190249702,-3.4420339263426984
210,2.600000000000002,-5.649478939825373,-9.11006976505845,-3.8438887571607157,-3.5383401827656615,-3.014046851991571,-3.198378254218393,-3.460991453714243
211,2.610000000000002,-5.681053881347367,-9.15404592084042,-3.868078270787647,-3.557151687479473,-3.030070963194912,-3.2191090599538628,-3.479926492817598
212,2.620000000000002,-5.7125080701006,-9.197789675121307,-3.892223472556331,-3.5759398595153815,-3.04607519903841,-3.239822544278005,-3.4988388141643014
213,2.6300000000000017,-5.743842464218889,-9.241307155295802,-3.9163238118760817,-3.5947045414377428,-3.0620594254144358,-3.2605180323976697,-3.5177281985964908
214,2.640000000000002,-5.775058048779045,-9.284604367836396,-3.9403787648857684,-3.6134455848889235,-3.0780235159482405,-3.2811948665828563,-3.536594437113819
215,2.650000000000002,-5.80615583406392,-9.327687198010873,-3.9643878340198118,-3.6321628504146317,-3.093967351849162,-3.3018524060626344,-3.555437330700226
216,2.660000000000002,-5.837136853876347,-9.370561409824775,-3.9883505475690906,-3.650856207289968,-3.1098908217624532,-3.322490026914309,-3.5742566901507207
217,2.6700000000000017,-5.868002163903706,-9.413232646171785,-4.012266459237327,-3.6695255333463024,-3.125793821621816,-3.3431071219461024,-3.593052335898254
218,2.680000000000002,-5.898752840132802,-9.455706429175752,-4.036135147693488,-3.6881707147990572,-3.141676254502694,-3.363703100573614,-3.6118240978408025
219,2.690000000000002,-5.929389977314659,-9.497988160709038,-4.059956216120781,-3.7067916460764625,-3.157538030476406,-3.3842773886903053,-3.6305718151687674
220,2.700000000000002,-5.959914687478782,-9.540083123072563,-4.083729291762762,-3.7253882296493694,-3.173379066465181,-3.4048294285322935,-3.649295336192788
221,2.7100000000000017,-5.99032809849636,-9.581996479823825,-4.107454025467049,-3.7439603758622115,-3.1891992860981584,-3.42535867853768,-3.6679945181720663
222,2.720000000000002,-6.020631352691833,-9.623733276739824,-4.131130091227152,-3.762508002765134,-3.2049986195683995,-3.4458646132006847,-3.6866692271432857
223,2.730000000000002,-6.0508256055021805,-9.665298442902634,-4.154757185722904,-3.781031035947409,-3.2207770034909804,-3.466346722920827,-3.7053193377502254
224,2.740000000000002,-6.080912024183297,-9.706696791896078,-4.178335027859925,-3.7995294083721665,-3.2365343807622153,-3.4868045138474093,-3.723944733074148
225,2.7500000000000018,-6.110891786562702,-9.747933023102581,-4.201863358308602,-3.8180030602125106,-3.2522707004200546,-3.5072375077195392,-3.7425453044650476
226,2.760000000000002,-6.140766079837853,-9.789011723089978,-4.225341939042967,-3.8364519386890654,-3.267985917505703,-3.527645241701924,-3.761120951373818
227,2.7700000000000022,-6.170536099419252,-9.829937367078692,-4.24877055287992,-3.854875997909022,-3.283679992926516,-3.5480272682166962,-3.779671581185442
228,2.780000000000002,-6.200203047817564,-9.870714320480273,-4.272149003019179,-3.8732751987067164,-3.299352893320198,-3.568383154771477,-3.7981971090532487
229,2.790000000000002,-6.2297681335738755,-9.911346840498851,-4.295477112584329,-3.8916495084857945,-3.31500459092036,-3.588712483783925,-3.8166974577343207
230,2.800000000000002,-6.2592325702322436,-9.951839077787643,-4.318754724165332,-3.9099989010630045,-3.3306350634234505,-3.6090148524029892,-3.8351725574261075
231,2.8100000000000023,-6.2885975753536325,-9.992195078153157,-4.341981699362853,-3.9283233565136526,-3.3462442938571146,-3.6292898723270817,-3.8536223456043035
232,2.820000000000002,-6.317864369570373,-10.032418784300214,-4.36515791833471,-3.946622861018762,-3.3618322704500048,-3.6495371696193897,-3.8720467668620606
233,2.830000000000002,-6.347034175680194,-10.072514037611422,-4.388283279344802,-3.9648974067139857,-3.3773989865030694,-3.6697563845205514,-3.890445772750572
234,2.840000000000002,-6.376108217778926,-10.11248457995513,-4.4113576983147675,-3.9831469915402664,-3.392944440262355,-3.6899471712588845,-3.908819321621098
235,2.8500000000000023,-6.405087720430923,-10.15233405551639,-4.4343811083786715,-4.0013716190963144,-3.4084686347933317,-3.7101091978583725,-3.927167378468455
236,2.860000000000002,-6.4339739078762985,-10.192066012645778,-4.457353459441017,-4.019571298492906,-3.4239715778567867,-3.7302421459446258,-3.945489914776047
237,2.870000000000002,-6.462768003273999,-10.231683905721352,-4.480274717738297,-4.037746044209033,-3.4394532817862893,-3.7503457105489897,-3.9637869083624517
238,2.880000000000002,-6.491471227979797,-10.271191097019402,-4.503144865404342,-4.055895875949931,-3.4549137633672524,-3.7704195999110035,-3.9820583432296224
239,2.8900000000000023,-6.520084800858241,-10.310590858589892,-4.5259639000397,-4.07402081850699,-3.470353043717604,-3.79046353527938,-4.000304209412724
240,2.900000000000002,-6.548609937627649,-10.349886374132984,-4.5487318342852365,-4.092120901619593,-3.4857711481700946,-3.8104772507116973,-4.018524502831654
241,2.910000000000002,-6.577047850237201,-10.38908074087315,-4.571448695400179,-4.110196159838866,-3.501168106156241,-3.830460492872983,-4.036719225144274
242,2.920000000000002,-6.605399746275179,-10.428176971427783,-4.5941145248447794,-4.128246632393381,-3.5165439510919225,-3.8504130208333374,-4.05488838360138
243,2.9300000000000024,-6.633666828407461,-10.467177995667452,-4.616729377867753,-4.146272363056801,-3.531898720264643,-3.8703346058647736,-4.073031990903431
244,2.940000000000002,-6.661850293845358,-10.506086662565187,-4.639293323098689,-4.164273400017498,-3.5472324547224656,-3.8902250312374504,-4.091150065059079
245,2.950000000000002,-6.689951333841868,-10.544905742032435,-4.661806442145561,-4.182249795750135,-3.562545199164623,-3.910084092015428,-4.109242629245516
246,2.960000000000002,-6.717971133215451,-10.583637926739529,-4.684268829197467,-4.200201606889226,-3.577837001833815,-3.929911594852096,-4.1273097116706365
247,2.9700000000000024,-6.745910869900483,-10.622285833918724,-4.706680590632737,-4.2181288941046775,-3.593107914410188,-3.9497073577854507,-4.145351345437071
248,2.980000000000002,-6.77377171452347,-10.660852007148069,-4.729041844632535,-4.236031721979316,-3.608357991907011,-3.9694712100333227,-4.1633675684080735
249,2.990000000000002,-6.801554830004209,-10.699338918114544,-4.751352720800034,-4.253910158888399,-3.6235872925680437,-3.9892029917887237,-4.181358423075308
250,3.000000000000002,-6.829261371181021,-10.73774896835505,-4.773613359785278,-4.271764276881118,-3.638795877766593,-4.008902554015413,-4.199323956428507
251,3.0100000000000025,-6.856892484459242,-10.776084490974018,-4.795823912915806,-4.289594151564074,-3.6539838119062567,-4.028569758243835,-4.2172642198270545
252,3.0200000000000022,-6.88444930748217,-10.814347752336571,-4.817984541833119,-4.307399861986748,-3.669151162323362,-4.048204476367541,-4.235179268873471
253,3.030000000000002,-6.911932968823666,-10.852540953736229,-4.840095418135065,-4.325181490528941,-3.6842979991910902,-4.067806590440205,-4.253069163288826
254,3.0400000000000023,-6.939344587701603,-10.890666233036388,-4.862156723024171,-4.342939122790189,-3.699424395425272,-4.087375992473357,-4.270933966790071
255,3.0500000000000025,-6.9666852737114455,-10.928725666284802,-4.884168646961992,-4.360672847481143,-3.7145304265918613,-4.106912584234924,-4.288773746969304
256,3.0600000000000023,-6.993956126579172,-10.96672126930052,-4.90613138932954,-4.378382756316906,-3.7296161708160844,-4.126416277048715,-4.306588575174963
257,3.070000000000002,-7.021158235932836,-11.004654999232756,-4.928045158093765,-4.396068943912331,-3.7446817086932405,-4.145886991594911,-4.324378526394958
258,3.0800000000000023,-7.048292681092039,-11.042528756091253,-4.949910169480173,-4.413731507679233,-3.759727123201159,-4.16532465771168,-4.3421436791417305
259,3.0900000000000025,-7.07536053087461,-11.080344384247883,-4.971726647651572,-4.431370547725558,-3.7747524996142943,-4.184729214197987,-4.359884115339241
260,3.1000000000000023,-7.102362843419846,-11.118103673909197,-4.993494824392952,-4.44898616675645,-3.789757925419465,-4.204100608617723,-4.377599920211887
261,3.110000000000002,-7.129300666027614,-11.155808362559766,-5.015214938802535,-4.466578469977235,-3.804743490233203,-4.223438797105175,-4.395291182175338
262,3.1200000000000023,-7.1561750350126925,-11.193460136376242,-5.036887236988949,-4.4841475649982945,-3.8197092857207284,-4.242743744171982,-4.412957992729298
263,3.1300000000000026,-7.182986975573709,-11.23106063161204,-5.058511971774551,-4.501693561741803,-3.834655405516505,-4.262015422515594,-4.430600446352162
264,3.1400000000000023,-7.209737501676085,-11.268611435952748,-5.080089402404894,-4.519216572350346,-3.849581945146398,-4.281253812829335,-4.448218640397582
265,3.150000000000002,-7.2364276159483865,-11.306114089842245,-5.1016197942642805,-4.53671671109738,-3.864489001951402,-4.300458903614142,-4.465812674992931
266,3.1600000000000024,-7.263058309591475,-11.343570087779723,-5.123103418597413,-4.554194094299521,-3.8793766750129235,-4.319630690992016,-4.483382652939648
267,3.1700000000000026,-7.289630562299952,-11.380980879587709,-5.14454055223711,-4.5716488402306386,-3.8942450650796125,-4.338769178521253,-4.500928679615438
268,3.1800000000000024,-7.316145342195305,-11.418347871651351,-5.165931477338037,-4.589081069037767,-3.9090942744957218,-4.3578743770135375,-4.518450862878364
269,3.190000000000002,-7.342603605770269,-11.455672428129157,-5.187276481116434,-4.606490902658783,-3.923924407130992,-4.376946304352914,-4.535949312972766
270,3.2000000000000024,-7.369006297843858,-11.492955872135465,-5.2085758555957975,-4.623878464741842,-3.938735568312021,-4.395984985316692,-4.5534241424370165
271,3.2100000000000026,-7.395354351526589,-11.530199486894963,-5.2298298973584485,-4.641243880566559,-3.9535278647551237,-4.414990451398358,-4.5708754660131055
272,3.2200000000000024,-7.42164868819543,-11.567404516869553,-5.25103890730298,-4.658587276966917,-3.9683014045006666,-4.433962740632501,-4.588303400558029
273,3.230000000000002,-7.447890217477981,-11.604572168857926,-5.272203190407491,-4.675908782255873,-3.983056296848843,-4.452901897421812,-4.605708064956972
274,3.2400000000000024,-7.474079837245463,-11.641703613068195,-5.293323055498585,-4.693208526151651,-3.9977926522968867,-4.471807972366179,-4.623089580038256
275,3.2500000000000027,-7.500218433614075,-11.678799984163973,-5.314398815026051,-4.710486639705692,-4.0125105824777,-4.4906810220939315,-4.640448068490062
276,3.2600000000000025,-7.526306880954287,-11.715862382284318,-5.335430784843177,-4.727743255232249,-4.027210200099879,-4.5095211090952425,-4.657783654778887
277,3.2700000000000022,-7.552346041907696,-11.752891874037921,-5.356419283992642,-4.744978506239611,-4.041891618889132,-4.528328301557723,-4.675096465069726
278,3.2800000000000025,-7.578336767411015,-11.789889493471984,-5.377364634497914,-4.762192527362914,-4.05655495353104,-4.547102673204249,-4.692386627147965
279,3.2900000000000027,-7.604279896726843,-11.8268562430162,-5.398267161160066,-4.77938545429854,-4.071200319615187,-4.5658443031330105,-4.70965427034296
280,3.3000000000000025,-7.6301762574808505,-11.863793094402318,-5.4191271913599826,-4.796557423740072,-4.085827833580589,-4.584553275659834,-4.726899525453286
281,3.3100000000000023,-7.656026665705029,-11.900700989559681,-5.439945054865864,-4.813708573315787,-4.10043761266246,-4.603229680162782,-4.744122524673638
282,3.3200000000000025,-7.681831925886647,-11.937580841487245,-5.460721083645933,-4.830839041527653,-4.115029774840253,-4.621873610929041,-4.761323401523371
283,3.3300000000000027,-7.707592831022628,-11.974433535102493,-5.481455611686321,-4.847948967691836,-4.129604438786967,-4.640485167004116,-4.77850229077664
284,3.3400000000000025,-7.733310162678984,-12.011259928067735,-5.502148974814012,-4.865038491880658,-4.1441617238197175,-4.659064452043341,-4.795659328394132
285,3.3500000000000023,-7.758984691055068,-12.048060851594242,-5.522801510524798,-4.882107754866022,-4.158701749851539,-4.677611574165719,-4.812794651456393
286,3.3600000000000025,-7.784617175052289,-12.08483711122465,-5.543413557816148,-4.899156898064248,-4.173224637344397,-4.696126645810086,-4.8299083980986754
287,3.3700000000000028,-7.810208362347053,-12.121589487594152,-5.563985457024928,-4.916186063482321,-4.187730507263402,-4.714609783593603,-4.847000707447333
288,3.3800000000000026,-7.835758989467653,-12.158318737170886,-5.584517549669882,-4.933195393665523,-4.202219481032197,-4.733061108172605,-4.86407171955773
289,3.3900000000000023,-7.861269781874849,-12.195025592975995,-5.605010178298805,-4.950185031646418,-4.216691680489506,-4.751480744105775,-4.881121575353628
290,3.4000000000000026,-7.886741454045887,-12.231710765283832,-5.625463686340315,-4.967155120895183,-4.231147227846819,-4.7698688197196475,-4.898150416568049
291,3.410000000000003,-7.912174709561714,-12.268374942302714,-5.6458784179601516,-4.984105805271244,-4.245586245647204,-4.788225466976469,-4.915158385685581
292,3.4200000000000026,-7.937570241197196,-12.30501879083673,-5.666254717921923,-5.00103722897622,-4.260008856725213,-4.806550821344358,-4.932145625886115
293,3.4300000000000024,-7.962928731014068,-12.341642956929016,-5.686592931452216,-5.0179495365081275,-4.274415184167876,-4.824845021669828,-4.9491122809899775
294,3.4400000000000026,-7.988250850456458,-12.378248066486927,-5.70689340410998,-5.034842872616843,-4.28880535127677,-4.843108210052585,-4.96605849540446
295,3.450000000000003,-8.013537260448741,-12.414834725889579,-5.727156481660123,-5.051717382260787,-4.3031794815311075,-4.861340531722665,-4.982984414071692
296,3.4600000000000026,-8.038788611495564,-12.451403522578122,-5.747382509951216,-5.068573210564814,-4.317537698551879,-4.8795421349198564,-4.999890182417872
297,3.4700000000000024,-8.064005543783855,-12.487955025629267,-5.767571834797258,-5.085410502779306,-4.331880126066998,-4.897713170775416,-5.016775946303807
298,3.4800000000000026,-8.089188687286606,-12.524489786312381,-5.787724801863364,-5.1022294042404,-4.346206887877431,-4.915853793196052,-5.033641851976753
299,3.490000000000003,-8.114338661868318,-12.561008338630607,-5.807841756555363,-5.119030060331382,-4.360518107824303,-4.933964158750178,-5.050488046023534
